コメント,メンバー,ハッシュタグ
正直になんかなれるわけない 本当の自分は最低で 誰にも言えないような醜い胸の奥 嫌われたくないじゃない？,#Out of the blue,#乃木坂46 #歌詞
自分のしあわせを 少しずつ分け合えば 笑顔が広がる,#Sing Out!,#乃木坂46 #歌詞
もしもやり直せるなら どこまで巻き戻そうか 君と初めて出逢った日 それとも好きになった日,#あの日 僕は咄嗟に嘘をついた,#乃木坂46 #歌詞
星がいつもよりも美しい,#あらかじめ語られるロマンス,#乃木坂46 #歌詞
もしも失敗したって 何度だって立ち上がればいい,#いつかできるから今日できる,#乃木坂46 #歌詞
今日できるよ 今すぐに いつかも今日も同じ やるかやらないか,#いつかできるから今日できる,#乃木坂46 #歌詞
ここで逃げ出さないで 前を向いて大地立つんだ,#いつかできるから今日できる,#乃木坂46 #歌詞
君がやりたいと始めてみたことなのに 空回りして全てが嫌になったのか？ 違う自分になろとしたんだろう 密やかな決心はどこへ捨てた？,#いつかできるから今日できる,#乃木坂46 #歌詞
先に延ばさずに 踏み出せよすぐに 君ならできる,#いつかできるから今日できる,#乃木坂46 #歌詞
人は誰も皆 未来が傷つかぬように 新しいこと 試そうとしなくなる 失うものなんて何もないだろう 闇が降りても夜は明けるよ,#いつかできるから今日できる,#乃木坂46 #歌詞
もしも失敗したって 何度だって立ち上がればいい,#いつかできるから今日できる,#乃木坂46 #歌詞
君がいる場所がわかったら 僕には地図になるんだ,#インフルエンサー,#乃木坂46 #歌詞
可愛い自分だけ演じてたら無理だね,#ガールズルール,#乃木坂46 #歌詞
決心のきっかけは理屈じゃなくて いつだってこの胸の衝動からはじまる 流されてしまうこと抵抗しながら 生きるとは選択肢たった一つを選ぶこと,#きっかけ,#乃木坂46 #歌詞
冷静じゃないから 恋ができるんだ,#ごめんねFingersCrossed,#乃木坂46 #歌詞
サヨナラに強くなれ この出会いに意味がある,#サヨナラの意味,#乃木坂46 #歌詞
柱の落書き 数字とイニシャルは 誰が誰に何を残そうとしたのだろう,#サヨナラの意味,#乃木坂46 #歌詞
しあわせはいつだって近くにあるんだ 保護色のようなもの 気づいてないだけ,#しあわせの保護色,#乃木坂46 #歌詞
みんなに合わせるだけじゃ 生きてる意味も価値もないだろ やりたいことをやれ,#ジコチューで行こう,#乃木坂46 #歌詞
泣いてる人のために僕もどこかで 何も気づかずそっと涙流したい,#シンクロニシティ,#乃木坂46 #歌詞
何かを失うなら そこまでして欲しいものは ひとつもない,#ないものねだり,#乃木坂46 #歌詞
街灯り 揺れているのは 溢れて止まらない 寂しさのせい,#やさしいだけなら,#乃木坂46 #歌詞
指先が触れ合うくらい すぐ近くにいると思っていたのに 求めるものが違っていた 愛しさとは一瞬の錯覚,#やさしいだけなら,#乃木坂46 #歌詞
自分なんかどうせダメだと思わずに 頑張ってみよう 誰かがきっと見ててくれる,#ゆっくりと咲く花,#乃木坂46 #歌詞
スタッフさんにも『おまえに任せた』くらいに言われて。『やらなきゃ！』って、やっと本気で物事を考えるスイッチが入った気がしました,#伊藤万理華,#乃木坂46 #言葉
小百合がケガから戻ってきてから、どんどん強くなっていくのを感じました,#伊藤万理華,#乃木坂46 #言葉
１年、私は「アンダーを知ってほしい」という使命感で生きてきました。そして、セカンドのアンダーライブが始まって、小百合と話したんです。『このライブで乃木坂をかえよう』って,#伊藤万理華,#乃木坂46 #言葉
（桃子の）カッコイイところは、『できないできない！』ってずっと言っていても、最終的にはちゃんとこなしちゃうところ,#伊藤理々杏,#乃木坂46 #言葉
決して倒れない人になろうとするのではなく 必ず起き上がることができる人になろう,#井上小百合,#乃木坂46 #言葉
自分だけの幸せは、幸せだと思わない,#井上小百合,#乃木坂46 #言葉
私たちのことを見つけてくれて ありがとうございました,#井上小百合,#乃木坂46 #言葉
ライブが始まる前の『Overture』が鳴ったとき、（万理華が）手をつないでくれたんです。幕が開くギリギリまでギュッて,#井上小百合,#乃木坂46 #言葉
そこで覚悟が決まりました。自分のために頑張るんじゃなくて、メンバーのため、グループのために頑張る。すべての思いを背負って、私はここに立たなきゃいけないんだって,#井上小百合,#乃木坂46 #言葉
どんなにアンダーと呼ばれようとも、私はこのメンバーのことを誇りに思います,#井上小百合,#乃木坂46 #言葉
空は飛ぶためにある 見上げるためじゃない,#羽根の記憶,#乃木坂46 #歌詞
膨大な時間と何だってできる可能性 自由はそこにある,#何度目の青空か？,#乃木坂46 #歌詞
いつかやるつもりと 頭の中で思ってても 永遠は短い ,#何度目の青空か？,#乃木坂46 #歌詞
こうだからこうして欲しい 交換条件みたいな 安い願いは本物じゃなく ただの自己満足,#価値あるもの,#乃木坂46 #歌詞
さくちゃんは最近は強さが表に出るようになったと思います。もともと『俺が守ってあげたい』という雰囲気がありつつ、『やっぱり俺はいらないかも』と思わせる芯の強さはあったけど（笑）,#賀喜遥香,#乃木坂46 #言葉
（清宮）レイちゃんがいることが４期生の強みだし～,#賀喜遥香,#乃木坂46 #言葉
裏で４期生をまとめてくれてるのは（清宮）レイちゃんですね。生徒会長をやっていたこともあって、上手いんですよ,#賀喜遥香,#乃木坂46 #言葉
私は自分の意見を言うことが苦手で今まではずっと逃げてきたのですが、これからは自分をしっかり固めていきたいし、私には何ができるのか、自分の力をどのように使っていきたいかを考えていきたいです,#賀喜遥香,#乃木坂46 #言葉
さくとは「これからどうする？今何が苦しい？」といった話し合いをしなくても、言葉にしなくても、不思議とわかり合えるんです,#賀喜遥香,#乃木坂46 #言葉
加入したばかりの頃は山下美月さんへのあこがれが強すぎて、美月さんをなぞることばかりしていたし、乃木坂４６への想いが大きすぎるあまり「大好きなグループに自分がいること自体が許せない」と思ってしまったこともあった,#賀喜遥香,#乃木坂46 #言葉
でも、そこで変にあがくんじゃなくて、いつでもその時の自分がやるべきことをやっていれば、あとは時間が未来の運命を教えてくれるはず。ずっと前から、そんな風に考えているんです,#岩本蓮加,#乃木坂46 #言葉
温かくはありたいけど、決して緩くはなりたくないですからね。乃木坂は伸び伸びと活動できるグループですが、大人数のグループでもあるので、まとまりも大事,#岩本蓮加,#乃木坂46 #言葉
入ってすぐに乃木坂の色に馴染むのは誰でも難しいことだけど、私たちがしっかり迎え入れて、安心して活動できる状況を作りたいです,#岩本蓮加,#乃木坂46 #言葉
周囲から見ると、（大園桃子と自分は）違うタイプに見えていたかもしれないのですが、考え方だったりがすごく似ていて、一緒にいてすごく心が落ち着くんです,#岩本蓮加,#乃木坂46 #言葉
過去がどんな眩しくても 未来はもっと眩しいかもしれない ,#帰り道は遠回りをしたくなる,#乃木坂46 #歌詞
5期生から見た3期生は、3期生から見た1期生さんと同じ関係性なんですよ。そう思うと、自分達が加入した時に見ていた先輩たちの姿に果たしてなることができているのだろうか、という不安がすごくあって,#久保史緒里,#乃木坂46 #言葉
5期生のみんなが入ったことによって4期生のみんなが頼もしくなったなと感じました！今回のリハーサルで4期生のみんなに振り付けとか質問すると正確に教えてくれて…もう信頼しかないです（笑）,#久保史緒里,#乃木坂46 #言葉
ダンスの先生から教えていただく時間もなかったので自分から「ここの振り付け教えてください！」と声をかけて、レッスン場の端っこで教えていただいていたんですよ。先輩に声を掛けに行くのは、当時はまだ勇気がいる行動で…（笑）,#久保史緒里,#乃木坂46 #言葉
私は「不眠症」っていう楽曲が好きです。この曲の歌詞が当時の自分達に刺さって。この環境に甘えてはいけない、っていう歌詞なのですが、この曲に恥じない自分になろうって思えているので、未だに初心に帰りたい時は聴いています,#久保史緒里,#乃木坂46 #言葉
自分が苦しいって思うということは、それだけ向き合っている証拠だし、どんなときでもついてきてくれる人がいるから、その人のことを思って頑張れば、どんなことでも頑張れるよ,#久保史緒里,#乃木坂46 #言葉
人は必要な時に必要な人と出会うと思ってます,#橋本奈々未,#乃木坂46 #言葉
自分に合っていると思ったことを好きっていう気持ちを忘れずにやっていれば絶対いい方向に向かっていくと思います,#橋本奈々未,#乃木坂46 #言葉
 私が選んだその先に、正解があると信じています,#橋本奈々未,#乃木坂46 #言葉
生きている限り後悔を晴らすチャンスはある,#橋本奈々未,#乃木坂46 #言葉
自分に正直にありたいと思い続けて生きてきました,#橋本奈々未,#乃木坂46 #言葉
私は自分を信じるし、皆さんも自分を信じて、これからもお互い！,#橋本奈々未,#乃木坂46 #言葉
大丈夫じゃないことは人生でなかなか起こらない,#橋本奈々未,#乃木坂46 #言葉
この人たちは裏切れないなっていう思いでなんとか踏ん張ってやってこれました,#橋本奈々未,#乃木坂46 #言葉
したことは返ってくる,#橋本奈々未,#乃木坂46 #言葉
言葉が柔らかい人。それだけで印象がいいというか話していて気持ちいい,#橋本奈々未,#乃木坂46 #言葉
少なくとも私は自分のためには頑張れないんです,#橋本奈々未,#乃木坂46 #言葉
自分がやるべきことでどう貢献できるか考えて行動していくことが一番嬉しい,#橋本奈々未,#乃木坂46 #言葉
プロである以上「新人だから、アイドルだから」って甘えは許されない,#橋本奈々未,#乃木坂46 #言葉
今回は5期生のみんながレッスンの前後に集まって練習している姿を見て、昔の気持ちも忘れちゃいけないなって思いました,#金川紗耶,#乃木坂46 #言葉
ライブのリハーサルの時が、1番コミュニケーションが取れる気がします！,#金川紗耶,#乃木坂46 #言葉
僕が拒否してた この世界は美しい,#君の名は希望,#乃木坂46 #歌詞
未来はいつだって 新たなときめきと出会いの場,#君の名は希望,#乃木坂46 #歌詞
どんな時も 絶えることない永遠を 愛と信じてる,#五月雨よ,#櫻坂46 #歌詞
昔のライブ映像を見返すこともありますし、1期生がみんないた頃のことが無性に懐かしくなることもあります。でも、昔に戻れますと言われたとしても、私は戻りますとは言わないかな,#高山一実,#乃木坂46 #言葉
どんなグループにもファンが特に愛している黄金時代があるのは、すごく分かります。乃木坂で言えば、まいやんがいた時代なのかもしれません。でも、あの頃は良かったよねと言われるようになったら、グループはおしまいです,#高山一実,#乃木坂46 #言葉
あきらめるなら一人でいいけど 夢を見るなら君と一緒がいい,#今、話したい誰かがいる,#乃木坂46 #歌詞
自分の“好き”をたくさん見つけて、それを大事にしたいなって思っています。もっともっと表現力を磨いてそれを自分の強み、自分の“好き”にしたいです,#佐藤璃果,#乃木坂46 #言葉
遠慮しながら、保険をかけながらしゃべるんじゃなくて、勇気を出して力強い言葉を言う。その言葉が有言実行できるよう、みんなで努力すればいい,#桜井玲香,#乃木坂46 #言葉
計画することも大事ですけど、とりあえず調べてみるなり、行きたい場所に行ってみるなり、何かしないと何もことが進まないなっていうのはこの仕事を始めてから痛いほど感じてきた,#桜井玲香,#乃木坂46 #言葉
「一人でいいや」が「一人じゃ生きていけない」に変わりました。それは自分の中ですごく大きいことです,#桜井玲香,#乃木坂46 #言葉
 世の中にもっと興味を持って生きたほうが、人生が豊かになる,#桜井玲香,#乃木坂46 #言葉
一歩外の世界に踏み出した瞬間、世の中にはこんなにすごい方がいるのかって思い知るんです,#桜井玲香,#乃木坂46 #言葉
ミスをした時に後輩も容赦なくつっこんできます。うちのグループは皆仲が良いので、それすら愛だと思って受け止めています,#桜井玲香,#乃木坂46 #言葉
行動することが一番の近道だと思っています,#桜井玲香,#乃木坂46 #言葉
行き倒れたってそれで本望だ 立ち止まってるより前へ進め,#錆びたコンパス,#乃木坂46 #歌詞
志半ばに挫折しても 一度くらい夢を見てたほうがましだ,#錆びたコンパス,#乃木坂46 #歌詞
行き倒れるなら夢の途中がいい 帰ろうとしながら死にたくはない,#錆びたコンパス,#乃木坂46 #歌詞
力が尽きて気を失い 道の上で息が絶えるならいいさ,#錆びたコンパス,#乃木坂46 #歌詞
トライできたこと誇りに思って 満天の星に何を語る,#錆びたコンパス,#乃木坂46 #歌詞
悔いのない人生なんて どこにも存在しないだろう そう人は誰もみんな やりたかった何かを やり残すものなんだ 絶対,#錆びたコンパス,#乃木坂46 #歌詞
行ったことがない地平線の先よ 努力した涯に何を思う？,#錆びたコンパス,#乃木坂46 #歌詞
逃げ腰になりそうなそんな試練に 誰か味方はいるか仲間は揃ったか,#三番目の風,#乃木坂46 #歌詞
三番目の風になろう 今までとは違う向きに吹き抜けろ まだどこにも見たことのない 新しい空切り拓け,#三番目の風,#乃木坂46 #歌詞
環境に恵まれなくても その不運恨むよりチャンスを待とう 友は信じられるか ずっとそばにいるか,#三番目の風,#乃木坂46 #歌詞
プライベートでも自分がアイドルであるということを ものすごく意識しているから,#山下美月,#乃木坂46 #言葉
コンプレックスだって沢山あるけど それに囲まれて縮こまって生きるよりは 自分に対する先入観や固定観念を壊していきたい,#山崎玲奈,#乃木坂46 #言葉
厳しい言葉も助言も 全てが私の糧になっていて 自分の未熟さにへこむ事もあるけれど でもたまに褒められるとすごく心に響いて 自信のなさを補強してくれる,#山崎玲奈,#乃木坂46 #言葉
自分の人生は自分で考えて進んでいくもの,#山崎玲奈,#乃木坂46 #言葉
人間には立ち向かうことと同じくらい 逃げることも必要,#山崎玲奈,#乃木坂46 #言葉
今もなおその不器用さは半年くらいでは変わることも無く日々、もっと器用なら今頃こうしてるのかなと思ってしまう事もあるのですが自分に妥協せず頑張って生きていきます,#寺田蘭世,#乃木坂46 #言葉
それは、努力をしていれば、きっと私にもいいことがちゃんと起こるって信じるようになったから。だから、しんどいことがあっても、とにかくがんばってみようって,#柴田柚菜,#乃木坂46 #言葉
ずっと自分の武器を探していて、それが「歌なのかもしれない」と思い始めているんですけど、まだまだ自信が持てないんです,#柴田柚菜,#乃木坂46 #言葉
今までは自分に自信がなくて周囲からも「自信なさそう」と言われていたし、つい自分の悪いところばかり探してしまっていたんです,#柴田柚菜,#乃木坂46 #言葉
今回のライブも細かいところを探せばダメな部分はたくさんあったものの、いっぱい褒めていただいたことで「自分のことを認めよう。自分のことを肯定できる人になろう」という目標に少し近づけた気がします,#柴田柚菜,#乃木坂46 #言葉
最近、「努力するだけでは自信は付かない」と気づいたんです。努力して結果を残し、褒めてもらったり認めてもらうことでようやく自信ってつくんだな、と,#柴田柚菜,#乃木坂46 #言葉
年齢を重ねるごとになかなか乗り越えられない壁も見えてくるようになったし、坂道合同オーディションを受けていた当時が１番自分に自信を持っていた気がするんです,#柴田柚菜,#乃木坂46 #言葉
『乃木坂スター誕生！』はチャンスだと考えていましたけど、回数を重ねるごとに歌への自信がなくなってきて,#柴田柚菜,#乃木坂46 #言葉
なぜ不安なのか考えると、きっと自分のキャラクターを迷っているからなんだろうなって,#柴田柚菜,#乃木坂46 #言葉
乃木坂のメンバーには闘争心というものを表に出さない人が多くて、メンバー自体もすごく仲が良くて、上下関係もないし、それに関して別になんとも思っていない,#若月佑美,#乃木坂46 #言葉
乃木坂らしさにとらわれなくていい。君たちが乃木坂なんだから、君たちがやったことが乃木坂らしさになるんだよ,#秋元康,#乃木坂46 #言葉
ライブを見に来る方たちは、学生だったらお金を貯めて、お仕事がある方は休みを作って来てくださっているわけで、自分たちが楽しむだけじゃなくて「見せる意識」を持たなきゃいけないんです,#秋元真夏,#乃木坂46 #言葉
世代が離れてきた分、私の常識が通じるわけではないので、イチから教えないことは不親切だと思うんです,#秋元真夏,#乃木坂46 #言葉
妥協じゃないです 方向転換です！,#松村沙友理,#乃木坂46 #言葉
そんなに悲しい笑顔で見つめないでよ,#世界で一番孤独なLover,#乃木坂46 #歌詞
どんな多くの人に それなりに愛されるよりもたった一人の大事な人に 愛されたかった,#世界で一番孤独なLover,#乃木坂46 #歌詞
汚れなきものなんて 大人が求める幻想,#制服のマネキン,#乃木坂46 #歌詞
できないんじゃない　やってないだけさ,#制服のマネキン,#乃木坂46 #歌詞
この制服を脱いで自由になろう JKの特権にサヨナラを,#制服を脱いでサヨナラを...,#乃木坂46 #歌詞
生田さんの電視台のあとで、本当にやくぼにはよく頑張ったねって言ってあげたいです。本人もすごい緊張してたので沢山褒めてあげてください,#清宮レイ,#乃木坂46 #言葉
まず、個人的には選抜で経験を積んできた３人（遠藤、賀喜、筒井）との実力差を感じたライブでした。すごく悔しかったですね,#清宮レイ,#乃木坂46 #言葉
選抜に入りたいとか、４期生曲で前に立ちたいとか、そういうことをみんなが口にするようになりました。だから私にとって今の４期生は、前よりもライバル的な存在なんです,#清宮レイ,#乃木坂46 #言葉
やっぱり、あの選抜組の3人は歌番組とかめちゃくちゃやってるから、「うまっ！」って思って。でも、でも、なんか負けたくなかった,#清宮レイ,#乃木坂46 #言葉
乃木坂46に入ってから、普通に生きていたころと比べて何をするにも5倍くらいの感情を使うんです。嬉しいも5倍なぶん、悲しいも5倍,#清宮レイ,#乃木坂46 #言葉
私の（七夕の）願い事は世界平和ということで。みなさん幸せになってください。たくさんご飯を食べて、たくさん遊んで、たくさん勉強して、幸せになってね～,#清宮レイ,#乃木坂46 #言葉
好きなことをして、好きな人たちとお話して、美味しいものを食べて、暖かい心をもって幸せに生きてくださいね,#清宮レイ,#乃木坂46 #言葉
せっかく選んでもらえたのだから、それはきっと私にいいところがあるからなんだろうと思うようにしました。なので私にできることは笑顔で頑張ることだと思い、そんなに緊張することなく踊ることができました,#清宮レイ,#乃木坂46 #言葉
テスト用紙渡されて「好きな点数書いていいよ」って言われたら100点って書きたいじゃないですか！自分の可能性は無限大ですよ,#清宮レイ,#乃木坂46 #言葉
この曲を歌ってると温かい気持ちになって自然と笑顔になれて、こんなに素敵な場所にいられることが嬉しくて、しあわせで、こんな私でも誰かを楽しませることができているのかもって思えて,#清宮レイ,#乃木坂46 #言葉
嬉しくてしあわせなはずなのに涙が溢れてきました。いつもの悔しい、悲しい、怖いの涙とは全く違くて、あの瞬間少し自分を認めて許してあげられた気がしました,#清宮レイ,#乃木坂46 #言葉
今までなんとなくごまかしてきた弱点を突き付けられた気がしていて。「自分ってこんなもんか」と思い知りました。だけど、今の自分の形を知れたので、これからは上がっていくと思います,#清宮レイ,#乃木坂46 #言葉
私は自分がこんなにもできない人間で、プレッシャーに弱くて、本番に弱くて、プライドが高くて、自分に甘くて、今まで目を背けてきたものと向き合わないといけないんだなと思いました,#清宮レイ,#乃木坂46 #言葉
私はこんなものかと。踏ん切りがつきました。あとはそれをどう直すか、良くするか、そこに鍵があるように感じました。人の根本を直すことは難しいけど、アップグレードはいつだって無限にできるんです,#清宮レイ,#乃木坂46 #言葉
３期生は周囲や先のことを考えて行動している。無意識のうちに比べてしまい 自分には足りないと痛感してしまいます 経験も 気づきも 配慮も…,#清宮レイ,#乃木坂46 #言葉
安定よりも波乱万丈の人生が好きだし、そのほうが結果的に楽しめる自分がいるので、何か試練があったり、自分の気持ちに波風が立つような体験をたくさんしたいです。困難を強いられるのは好きなほうなので（笑）,#清宮レイ,#乃木坂46 #言葉
（桃子さんは）みんなと違う角度で物事を考えているのでハッとさせられるんです。優しくて『レイちゃんはいつも笑ってるから心配になっちゃう』と声をかけていただきました,#清宮レイ,#乃木坂46 #言葉
あなたはこの乃木坂46を変えることができますか？,#生駒里奈,#乃木坂46 #言葉
初めて自分の命をかけても守りたいと思った人たちに出会えたのが、乃木坂のメンバーだったんです,#生駒里奈,#乃木坂46 #言葉
自分のために涙を流してくれる人がいるってことを教えてくれたのがメンバーでした,#生駒里奈,#乃木坂46 #言葉
人が嫌いだったけど、人を好きにしてくれて本当にありがとうございます,#生駒里奈,#乃木坂46 #言葉
乃木坂が好きだから ほんとうに入ってよかった。みんなに出会えてほんとうによかった。それしかない。,#生駒里奈,#乃木坂46 #言葉
うちはアイドルのときは自分の素が透けて見える部分が結構苦手だったりしてて、むしろ役になりきった自分を見せてお客さんに楽しんでもらったほうが自分に合ってたから、その瞬間はすごい楽しかったなって思う,#生駒里奈,#乃木坂46 #言葉
桃子は『自分』と『アイドル』にギャップを感じて、心の中で葛藤していると思う。でも、自分を責めることなく、目の前の壁を恐れずに進んでほしい,#生駒里奈,#乃木坂46 #言葉
人はね、限界だと思ってからもうちょっといける,#生田絵梨花,#乃木坂46 #言葉
本当に自分がいっつも追いついてない,#生田絵梨花,#乃木坂46 #言葉
知らない景色にもっともっと出会いたい,#生田絵梨花,#乃木坂46 #言葉
初心にかえるとワクワクしてた自分や、頑張ろうと決意した自分を思い出す,#生田絵梨花,#乃木坂46 #言葉
もっと毎日 目標作って生きなきゃダメよ,#生田絵梨花,#乃木坂46 #言葉
失敗がわかること自体、成長している証拠だと思っている,#生田絵梨花,#乃木坂46 #言葉
今までは勢いでいけたものが、これからは勢いだけでは難しくなってくると思います,#生田絵梨花,#乃木坂46 #言葉
それよりは、やることをやって「ついて来い！」って言われるほうが「よし！」って応援したくなると思う。もうここまで来たら、そういうのが務めなんだろうなって,#生田絵梨花,#乃木坂46 #言葉
自分を信じるには いろいろな経験が必要で 学びも必要,#生田絵梨花,#乃木坂46 #言葉
あのときは言えなかったけど、真夏お帰り 一緒に頑張ろう,#西野七瀬,#乃木坂46 #言葉
うまくできないこともたくさんあるけど、壁があるほうが燃えるし、それを乗り越えられた時の喜びは計り知れないんです,#西野七瀬,#乃木坂46 #言葉
勝ちたいなら やれ 負けてもいいなら やめろ,#西野七瀬,#乃木坂46 #言葉
チャンスに出会えるかどうかは、巡ってきた機会を自分で「チャンスだと捉えるかどうか」だと思っています,#西野七瀬,#乃木坂46 #言葉
相手があんまり楽しそうに話してなくても、こっちが笑うと、笑顔になってくれたりするんです。そうすると嬉しくて嬉しくて,#西野七瀬,#乃木坂46 #言葉
自分に嘘付きたくなくて、思った事とかは嫌われてもいいから素直に言う,#西野七瀬,#乃木坂46 #言葉
誰のせいか責任をなすりつけ合い 来ることのない夜明けの空を待っても 結局は君自身どうしたいか聞こう,#絶望の一秒前,#乃木坂46 #歌詞
優しさに絆されて取り繕っても  ああ そのうち僕は裏切るだろう,#絶望の一秒前,#乃木坂46 #歌詞
生き方にさえケチをつけて背中向けても 今日も明日も眠れない夜は変わらず 無力な自分 低い天井を睨む,#絶望の一秒前,#乃木坂46 #歌詞
現実から目を背けるな 一番大切なもの,#絶望の一秒前,#乃木坂46 #歌詞
ワンちゃんがいいです！必要とされたいんです(笑) 猫ちゃんは自由きままだから、追いかける感じになっちゃうので、私はそれよりももっと必要とされたいなって,#早川聖来,#乃木坂46 #言葉
覚えることも多いし、絶対に大変だと思うので、そういった部分を気にかけてあげられる人になりたいなと思います,#早川聖来,#乃木坂46 #言葉
必要な苦労はした方がいいと思うんですけど、無駄な苦労はあんまりしてほしくないんです,#早川聖来,#乃木坂46 #言葉
日本人特有の「空気で察せよ」みたいな感じで、具体的に「それはこういうことだよ」と伝えない雰囲気があったりするので、そこは具体的にしっかり教えてあげたいなって,#早川聖来,#乃木坂46 #言葉
これからはこの子たちが”一番下の後輩の責任感”を背負っていくんだなという思いも込み上げてきます,#早川聖来,#乃木坂46 #言葉
先輩たちに比べたらまだ信頼感もないし、だからこそ。一番下の後輩の責任感は、想像以上に重いんです,#早川聖来,#乃木坂46 #言葉
先輩とお仕事が一緒だけど、誰と話していいのかわからなくてどうしようってなっていたことがあって。そのときに、「悩みはある？」って、親身に話を聞いてくれたり、自分から言いづらいところを聞いてくれる先輩がたくさんいて,#早川聖来,#乃木坂46 #言葉
私は後輩として、結構乃木坂らしさにとらわれてきたところもあったんですね。“乃木坂らしい空気にしなきゃ”って考えていたけど、そうではなくて。私たちも先輩が作ってきた空気に入って触れ合って、乃木坂の一員になってる,#早川聖来,#乃木坂46 #言葉
未来とは 今が入り口 見逃せば前に進めない,#太陽ノック,#乃木坂46 #歌詞
れんたんはこの世界で頑張ることが幸せみたい,#大園桃子,#乃木坂46 #言葉
心穏やかに過ごして、小さな愛に気付いていきたい。小さな感動にいっぱい気付いていきたい,#大園桃子,#乃木坂46 #言葉
幸せになりたい。今年の目標は、幸せになりたいってずっと言ってます,#大園桃子,#乃木坂46 #言葉
でも、「幸せになりたい」とか「幸せに気づきたい」って思ったけど、そうなったところで、それを失うのって苦しいじゃないですか,#大園桃子,#乃木坂46 #言葉
嘘をつく人にはなりたくない。自分にも周りにも。良くも悪くも正直でいたら嫌われることも多いんだろうけど、嘘をついてまで好かれようとは思わないです。それができたら楽なんだろうけど、それをしたら桃子が桃子じゃなくなっちゃうから,#大園桃子,#乃木坂46 #言葉
私が教わってきたこと、あいさつとか靴を並べるとか、基本的なことはちゃんと教えてあげたい。なんかね、優しい子になってほしいなってすごく思うけど、優しすぎると自分がつらくなることも多いから,#大園桃子,#乃木坂46 #言葉
小学校のときは校長先生が正門に立っていて、大きい挨拶をしていました。『大園姉弟は全校生徒で一番しっかり挨拶をしています』って朝礼で褒められたことがあります（笑）,#大園桃子,#乃木坂46 #言葉
田舎に住んでてアイドルと無縁だった桃子が珍しいから注目してもらえるけど、『珍しい』は最初だけなんですよ,#大園桃子,#乃木坂46 #言葉
たぶん、自分を客観的に見えすぎちゃうんです。自分しか見えないタイプだったら、悩むこともないんですよ。だけど人のことを見て敏感に反応してしまうし、意外と考え込んじゃう,#大園桃子,#乃木坂46 #言葉
みんなのことを深く知らないから仲良くなれない。それが3年という時間がたって、なんだか3期生のことが好きになったんです。みんなのこと、かわいいなって思うようになって,#大園桃子,#乃木坂46 #言葉
そうなんですよ。桃子は喜怒哀楽が激しくて、それに自分も疲れちゃうから、そういう場所（『無』の状態でいられる場所）に行ってみたいなって思うんです,#大園桃子,#乃木坂46 #言葉
保護犬っているじゃないですか。保護犬ってなかなか引き取られないコもいて、そういうのを見てると苦しくなってきて、なんか耐えられないんですよ,#大園桃子,#乃木坂46 #言葉
そういう小さなことを『しあわせ』って思えているうちは、桃子ってまだ大丈夫かな、って自分で思えるので,#大園桃子,#乃木坂46 #言葉
『桃子さんのいいところは素直なところです』って書いてあった。その後に、『素直すぎると人を傷つけるから気をつけて』って,#大園桃子,#乃木坂46 #言葉
ちまちゃんとみなみんは、ほんとにこういう人いるんだなって思う。2人とも誰にでも優しいし、ダメなことはダメって言ってくれるんですよ,#大園桃子,#乃木坂46 #言葉
『ダメだよ桃子』って言われることもあるけど、でも言ってくれるから嬉しいです,#大園桃子,#乃木坂46 #言葉
ダメなこととか、理不尽なことに納得しなくなった。なんだろう、理不尽な事っていっぱいあるじゃないですか。前は仕方ないって思うこともあったけど、やっぱり、おかしいって,#大園桃子,#乃木坂46 #言葉
たぶん自分を曲げるのがイヤなんだと思うんです。ただ、自分の感情を抑えきれないから、我慢を強いられるようなことがあると、自然に涙が出てきちゃうんですよね,#大園桃子,#乃木坂46 #言葉
嘘は言えないです。なんでしょうね？　いいふうに見られようと思ったことがないのかもしれない。それよりも、自分が思っていることのほうが先に出ちゃう,#大園桃子,#乃木坂46 #言葉
正直に話すから、ファンの人の間で話題になることは多いですけど。でも、話題になったとしても、本当に桃子が言ったことなら、『だって本当だし』って思っています,#大園桃子,#乃木坂46 #言葉
会えないことに強くなる必要ありますか？,#大園桃子,#乃木坂46 #言葉
レイちゃんは戦っているから笑顔なんだなと思いました。桃子は戦わずに諦めていたから泣いていたのかな,#大園桃子,#乃木坂46 #言葉
有明がサイリウムで埋まっていたとき…涙がこみ上げてきました。『でも、泣いちゃダメだ』ってなんとかこらえて、コンサートが終わった後で号泣しました（笑),#中元日芽香,#乃木坂46 #言葉
可愛いを纏うと、自分の核を隠せてるような気がして安心します。可愛いは武器ではなく、盾です。私にとって,#中西アルノ,#乃木坂46 #言葉
これが「乃木坂４６」かと。わたしは本当にとんでもないグループに飛び込んでしまったのだと,#中西アルノ,#乃木坂46 #言葉
「乃木坂４６」を何も知らない私にとって、あの２日間はグループの持つ凄まじいパワーと卓越したオーラに心を奪われるほど魅せられた時間でした,#中西アルノ,#乃木坂46 #言葉
サボってみよう心をちょっぴり 愛しているばかりじゃ疲れちゃうよね,#釣り堀,#乃木坂46 #歌詞
私の目標は、自分がいるだけでみんなが明るくなれる人になることなので,#田村真佑,#乃木坂46 #言葉
先輩になった身として、相談してもらえることはうれしいので、頼れるかわからないですけど、5期生の子にはいろいろ相談してきてほしいなと思います,#筒井あやめ,#乃木坂46 #言葉
やりたいことはいつもいっぱいあったのに できない理由さがしていた,#逃げ水,#乃木坂46 #歌詞
一瞬の光が重なって 折々の色が四季をつくる そのどれが欠けたって 永遠は生まれない,#二人セゾン,#欅坂46 #歌詞
想像しなきゃ 夢は見られない,#二人セゾン,#欅坂46 #歌詞
右か左かを選ぶなら 自分で決められても 相手がいるのは そう簡単にいかない,#猫舌カモミールティー,#乃木坂46 #歌詞
泣かないって決めてたんですよ。なのに、アンダーのためだけの『Overture』を聴いた瞬間、お客さんの『オイ！オイ！』って声の大きさに涙が出てきました,#能條愛未,#乃木坂46 #言葉
私だったら躊躇していたかもしれないけど、リアルな気持ちを抑えることなく発言するまあやさんはすごいです,#梅澤美波,#乃木坂46 #言葉
（早川）聖来や（清宮）レイちゃんが自分の意見を積極的に発言してくれるので、４期生にたくましさを感じるようになりました,#梅澤美波,#乃木坂46 #言葉
私達が堂々としていないと、ファンの方はもっと戸惑ってしまう……とは常々感じています。顔ぶれの変化は歴史を刻んできた証拠でもあるので、守るべきものを大事にしていきたいと思っています,#梅澤美波,#乃木坂46 #言葉
『7th YEAR BIRTHDAY LIVE』が一つのターニングポイントだったなって思いますね。ご卒業された先輩のポジションに入ることをたくさん経験したライブだったので、精神的にすごく強くなったなって思います,#梅澤美波,#乃木坂46 #言葉
桃子のことを『何も考えてなさそう』と思ってるファンの方もいると思うけど、３期の中でも一番と言っていいくらい考えてるんですよ,#梅澤美波,#乃木坂46 #言葉
ポジションとか関係なく 全員で乃木坂46,#白石麻衣,#乃木坂46 #言葉
たくさん笑うことによって まとう空気からも楽しい感じが出ると思いますし 周りもそういう空気になってくれたら嬉しいし,#白石麻衣,#乃木坂46 #言葉
共通点があればどんな小さなっことでも話が広がると思うので 何も話しかけないより 小さなことから話してみたほうがいい,#白石麻衣,#乃木坂46 #言葉
個性って自分から発信するのもではなくて 周りに人に見つけてもらうもの,#白石麻衣,#乃木坂46 #言葉
自分のルールにとらわれずに周りの意見に耳を傾けること そうすれば新しい自分に出会える,#白石麻衣,#乃木坂46 #言葉
ポジティブであることを心がけています ネガティブだと全然いい表情もできないし いいものも出てこない,#白石麻衣,#乃木坂46 #言葉
イメージすることはとても大事だと思うので「こうなりたい」という気持ちはいつも持っていてほしい それを誰かに話したり 表に出していったりすることは必要かなと思います,#白石麻衣,#乃木坂46 #言葉
本当にやりたいことがあるんだったら いろいろ言葉にすれば 誰かの目に留まる可能性があるので 積極的に発信したほうが 夢は叶うんじゃないかなって ,#白石麻衣,#乃木坂46 #言葉
常に自信はないです 見た目から「気が強い」と見られがちなんですけど 実際は真逆でメンタルも弱いし 自分が思っていることも言えない,#白石麻衣,#乃木坂46 #言葉
乃木坂46は昔から食に対する意欲が強くて メンバー同士でお弁当の取り合いがあるんです（笑）,#白石麻衣,#乃木坂46 #言葉
どこの場所でもやる気はあります 私なりにそのポジションで やらないといけないこともあると思う 一人ひとり ポジションに大事なものがあると思う,#白石麻衣,#乃木坂46 #言葉
何でもチャレンジすることが大事だと思います どんなに辛くてもそれを乗り越えたら 絶対に楽しいことがあるって私は思っていて だから例え体力的にも精神的にも辛くても頑張れる,#白石麻衣,#乃木坂46 #言葉
いいことひとつ 今日の中に見つけて 悲しみをひとつ 忘れようとしてきた,#悲しみの忘れ方,#乃木坂46 #歌詞
諦めかけて 今日ちょっと頑張って 明日はそれ以上頑張るのが希望だ,#悲しみの忘れ方,#乃木坂46 #歌詞
絢音ちゃんがどう考えているかわからないけど、これからもっと美しくなって「お姉さんメンバー」としてグループを支えていく存在になるんだろうなと思います,#樋口日奈,#乃木坂46 #言葉
この１０年間は辛いことの方が多かったし、なかなか思うように動けないもどかしさもたくさん感じてきました,#樋口日奈,#乃木坂46 #言葉
可愛いメンバーに囲まれて活動しているからこそ、周りと比べて落ち込む事も多かったのですが、グループ外の方に自分の存在を認めてもらえる機会を重ねたことで「周りを羨むよりも私は私で頑張ろう」と思えるようになって,#樋口日奈,#乃木坂46 #言葉
アイドル活動をする中で一度は壁に当たる時期があるのですが、４期生とかは今がそのタイミングなのかなと勝手に思っているので、少し心配してしまうんです,#樋口日奈,#乃木坂46 #言葉
私は１０年経ってようやく活動を楽しめるようになったけど、みんなには少しでも早くこの楽しさを気付いてほしい,#樋口日奈,#乃木坂46 #言葉
「人からちゃんと見てもらえている」と感じるとやる気に繋がると思うので、頑張っている姿を見たときは本人に伝えるようにしています,#樋口日奈,#乃木坂46 #言葉
卒業していったメンバーが作り上げてきた乃木坂４６が大好きだし、私自身も同期が残してくれたものは大切にしていきたいのですが、メンバーの変化とともに変わらなければいけない部分もあると思います,#樋口日奈,#乃木坂46 #言葉
かっきーは優しいから、みんなの繊細な変化に気づくことができるんだろうけど、ちょっとしたことで傷ついてしまうんじゃないかと心配になることもあります,#北川悠理,#乃木坂46 #言葉
かっきー仕様になったんじゃない？世界が。みんな かっきーに美味しいもの食べさせてあげたくて、どんどん美味しくなったんだよ。頑張ったからね,#北川悠理,#乃木坂46 #言葉
時間を重ねれば重ねるほどグループのことを好きになっていって…1日1日で何かを好きになることって今まであまりなかったので、やっぱりすごいグループだなって思います,#北川悠理,#乃木坂46 #言葉
初めて後輩が入るということで最初はどう接したら良いのか分からないねって同期のみんなと話していたのですが、先輩に優しくしていただいていろいろなことを教えていただいた経験があるので、私も優しくできたらいいなって思っています,#北川悠理,#乃木坂46 #言葉
「端っこだから誰も見ていないって思うかもしれないけど、悠理ちゃんが頑張っているところを先輩たちは見てるからね」って言ってくださって…。思わず泣いてしまいました,#北川悠理,#乃木坂46 #言葉
私は「ないものねだり」が、加入前から好きです。ちょうどこの曲が出た頃、人間関係とかに少し悩んだりしていて。でも毎日聴いて心を助けてもらっていたので、この曲と出会っていなかったら、今はここにもいないだろうし,#北川悠理,#乃木坂46 #言葉
後輩だけど、尊敬するところが多い！しーちゃんを見てると、乃木坂46はずっと続いていくんだろうなって思う,#北野日奈子,#乃木坂46 #言葉
乃木坂46の一員である限り、選抜メンバーを目指すのは当たり前のことじゃないですか。でも、そんな当たり前のことも見えなくなってくるくらい、先の見えない、厳しい道のりを葉月は歩いているんだと思います,#北野日奈子,#乃木坂46 #言葉
私は変わっていくと思うんですよ。今までの私は、変わっていく乃木坂に対して、なんとか変わらないものを探していたというか、変わらない何かにしがみつこうとしていたというか,#北野日奈子,#乃木坂46 #言葉
グループは常に変化していくものだけど、その変化に逆らいながら、乃木坂46を守っていこうと思って,#北野日奈子,#乃木坂46 #言葉
３期生や４期生が前に出るようになって、卒業した先輩のポジションに入って、緊張で肩を震わせながら活動している姿を見て、支えないといけないと思ったし、グループの変化を受け止めようと思うようになりました,#北野日奈子,#乃木坂46 #言葉
休業から復帰した理由も、好きという気持ちだけだったし。たぶん私から“乃木坂46が好き”という気持ちを取ったら空っぽになっちゃうんじゃないかな？,#北野日奈子,#乃木坂46 #言葉
ファンの方には「きいちゃんは希望の方角に進んでいくんだな」って思っていただきたいですし、うまくいかないことがあってもその先には希望があるって伝えたいです,#北野日奈子,#乃木坂46 #言葉
私、「期待」っていう言葉があまり好きじゃないんですね。期待って、待つっていうことだからどこか他人任せなところがある。だから私は、期待するならむしろ、希望したい,#北野日奈子,#乃木坂46 #言葉
自分の心に素直になって自分らしさを大事にすることは、素敵なことだよって伝えられるんじゃないかな,#北野日奈子,#乃木坂46 #言葉
後輩たちに対して「乃木坂らしさってこういうことなんだよ」と教えていたんですけど、いくら伝えても人が違うから違う色になってしまって。その違和感に悩んだ時期もあります,#北野日奈子,#乃木坂46 #言葉
後輩が自分たちなりに一生懸命グループのために取り組む姿を見ているうちに、「乃木坂らしさはもちろん大事だけど、ありのまま自分らしく頑張ることが一番美しくてかっこいいんだ！」と教わりました,#北野日奈子,#乃木坂46 #言葉
乃木坂46らしさを追い求めすぎて自分を見失ってしまうと、乃木坂46のことも好きじゃなくなっちゃう気がして,#北野日奈子,#乃木坂46 #言葉
私はずっとあっしゅんの味方なので、なにかあれば日奈子ちゃんに言ってください。日奈子ちゃんが全部倒しに行きます,#北野日奈子,#乃木坂46 #言葉
「ウチらって仲は良くないけど、絆だけは深いよね」って(笑)。なんだか不思議な関係なんです。顔の向きは違うけど、歩いている方向は同じっていうのかな,#北野日奈子,#乃木坂46 #言葉
未央奈が卒業発表した後、蘭世が「私たちは大人になったから、そんな選択をする子も出てくるよ」と言われて納得できました。その言葉を聞いて、そうだよねって納得ができたし、救われました,#北野日奈子,#乃木坂46 #言葉
私って、ずっと遠回りしてきてるなーって自分では思うんですけど、遠回りしてきたからこそ、最後に感じることや、自分の中に咲く花はどんな花なのか、その花がどんな色なのか。それが。すごく楽しみなんです！,#北野日奈子,#乃木坂46 #言葉
今後は、これまで以上の最大級の努力ができたと自分が認められた時、進む新しい道が拓かれると思っています,#北野日奈子,#乃木坂46 #言葉
やっとわかったんだ 一番き嫌いなのは自分ってこと,#僕は僕を好きになる,#乃木坂46 #歌詞
泣きたいなら我慢しなくてもいい 慰められなくたって涙は乾くよ 強がりは余計な荷物になるだけだ,#僕は僕を好きになる,#乃木坂46 #歌詞
人生は近過ぎちゃ見えなくなる 一歩引いて見てごらん,#僕は僕を好きになる,#乃木坂46 #歌詞
僕は僕を好きなる,#僕は僕を好きになる,#乃木坂46 #歌詞
何回も明日こそって期待した未来,#僕は僕を好きになる,#乃木坂46 #歌詞
2期生のみんなって、本当に自分のことよりも、人がくじけていたら、すぐに手を差し伸べられる、強くて優しい人たちの集まりだなって思っていて,#堀未央奈,#乃木坂46 #言葉
自分の実力のなさというか、自信を持って何もできない自分に、すごく悔しくて。今振り返っても、7枚目（シングルの）期間はすごく悔しかった期間だなって思います,#堀未央奈,#乃木坂46 #言葉
入る前も、入った後も、こんなすてきなグループがあるんだなって思えたのは、1期生の皆さんの姿を見ていたからだなって思います,#堀未央奈,#乃木坂46 #言葉
昨日 途中であきらめたこと 今日もう一度 始めよう,#命は美しい,#乃木坂46 #歌詞
その手 放せば楽なのに しがみつくのはなぜだろう,#命は美しい,#乃木坂46 #歌詞
そんな期間をアンダーメンバーとして活動することで、「4期生」 から「乃木坂46」の矢久保美緒として認められた気持ちになった思い出の曲が「マシンガンレイン」でした,#矢久保美緒,#乃木坂46 #言葉
珍味はもうこりごりです。虫を食べたほうがマシかも,#矢久保美緒,#乃木坂46 #言葉
ふつうがダメなわけじゃないし、自分にとってのふつうがほかの人から見たら「ふつうじゃない」かもしれない。ふつうの基準だって人によって違うんだから、気にする必要はないと思うんです,#与田祐希,#乃木坂46 #言葉
一番良くないのは、ひとつの考え方に自分を縛ることだと思うんです,#与田祐希,#乃木坂46 #言葉
いつもの夏と違うんだ 君は気づいていないけど,#裸足でSummer,#乃木坂46 #歌詞
繋いだ手がちょっぴり汗ばんでいたけど 離しちゃったらあなたがどこか行ってしまいそうで 嫌われないように何度も繋ぎ直した,#立ち直り中,#乃木坂46 #歌詞
後輩から話しかけてもらったときに、その子の頑張っていた部分を認めてあげられる先輩でいたいと思っています,#鈴木絢音,#乃木坂46 #言葉
（久保は）ちょっとしたことで 「私は持ってない」と思いがちなので「そんなことないんだよ」ということを毎回きちんと言葉にして発信してあげる必要があるなと思っています,#鈴木絢音,#乃木坂46 #言葉
私は、中身や形は変わらずに、そのまま大きくなった、強くなったという感じです,#鈴木絢音,#乃木坂46 #言葉
なんか、ずっと生きづらかったんですよね。乃木坂に入る前はずっと。違和感というか、今の場所は違うな、って感じていたというか,#鈴木絢音,#乃木坂46 #言葉
そこで初めて私の性格を個性として認めてくれたのが、２期生だったんです。「あなたらしく生きていいんだよ」って行動に示してくれた。乃木坂に出会って、仲間たちのおかげで居場所を見つけられたから…でしょうね,#鈴木絢音,#乃木坂46 #言葉
乃木坂に出会って、仲間たちのおかげで居場所を見つけられたから…でしょうね,#鈴木絢音,#乃木坂46 #言葉
卒業後も今も、ささやかな暮らしができたらいいと思っているんです。外国製の美味しいチョコレートをひとかけら食べられたらもう、それだけで幸せな気持ちになれるので,#鈴木絢音,#乃木坂46 #言葉
その葛藤も人生じゃないかな,#齋藤飛鳥,#乃木坂46 #言葉
大事なことはアイドルに頼むな！,#齋藤飛鳥,#乃木坂46 #言葉
どうせお前らクリスマス過ごす相手いねぇだろ！,#齋藤飛鳥,#乃木坂46 #言葉
「これが乃木坂46です！どーん！」ってしていなくては。我々がちゃんと立っていなくては、皆さんも戸惑ってしまいますよね。我々は見てくださる皆さんの為に、どーん！と立つのです,#齋藤飛鳥,#乃木坂46 #言葉
中学生の頃に見てきた乃木坂のすてきなところって、お姉さんメンバーが無邪気でいるところだったから,#齋藤飛鳥,#乃木坂46 #言葉
今自分が大人になって「明るくなったね」って言われることが増えたってことは、もしかしたら私も今までのお姉さんメンバーと同じように無邪気の道をたどっているんじゃないかって思って、ちょっとうれしいんです,#齋藤飛鳥,#乃木坂46 #言葉
うちのメンバーの皆は、自分に対しても人に対しても、すごく優しい人たちの集まりですけど、それでも『私たち、今いい感じだねー』みたいな空気だけは決してつくらない,#齋藤飛鳥,#乃木坂46 #言葉
白石が卒業する前は、そんなに変わることなんて無いだろうと思ってたんです。でもやっぱり、変化はあって…,#齋藤飛鳥,#乃木坂46 #言葉
乃木坂メンバーはみんなしっかりしているし、白石もどちらかというと、ぐいぐいリーダーシップを取るタイプではなく、彼女の姿勢を見て みんなが自然について行くという感じだったので,#齋藤飛鳥,#乃木坂46 #言葉
ずっと１期生の最年少として、お姉さんたちに甘えて１０年やってきたツケというか。「ああ、私これやったことないから、どうやったらいいか分からないかも」って（苦笑）,#齋藤飛鳥,#乃木坂46 #言葉
悩みに向き合う自分を認めてあげる。少しずついい大人に近づけたらいいな,#齋藤飛鳥,#乃木坂46 #言葉
乃木坂４６に入ってからしばらくは、選抜でも３列目にいることが多かったですし、数年前に初めてセンターを務めましたが、それも遅いほうなんです,#齋藤飛鳥,#乃木坂46 #言葉
だから、白石、西野（七瀬）という誰もが認めるエースの横で、「次代エースだね」と言われてもピンと来なかっと思います,#齋藤飛鳥,#乃木坂46 #言葉
でも何年もそう（次世代エースと）言われることが続いて、実際に前に出ることも増えていったけど、急展開すぎて追いつけていなかったと思います。,#齋藤飛鳥,#乃木坂46 #言葉
「なんで？なんで、エースって言われるんだろう…。なんで、なんで？」って、ちょっとひねくれた反抗期というか、ハタチ前後は自分でも、ひねくれてたと思います（苦笑）,#齋藤飛鳥,#乃木坂46 #言葉
あの時と今では表情が全然違うって、自分でも思います。当時は悩みもめちゃめちゃいっぱいあって、毎日葛藤してて。尖ってたし、子どもでしたね。,#齋藤飛鳥,#乃木坂46 #言葉
後輩に教えたいこと、同期と挑戦したいこと、グループで叶えたい夢、不思議と欲が出てきたみたい,#齋藤飛鳥,#乃木坂46 #言葉
ぞのさん（大園桃子）はやさしさが前面に出ている人。距離の取り方が絶妙に上手いんですよね。踏み込んでいい領域がどこまでなのかをちゃんとわかっている感じがします。たぶん、普段から人のことをすごくよく見ているんだと思います,#齋藤飛鳥,#乃木坂46 #言葉
努力 感謝 笑顔,,#乃木坂46 #言葉
アンダーメンバーはそれぞれのポジションを任されて、そこでどうやって輝くかは自分次第で、例えスポットライトが当たっていなくても、アンダーメンバーは1人ひとりが自分自身で光を放てると思います,#北野日奈子,#乃木坂46 #言葉
このメンバーだからこそ、このアンダーライブができたと思う。数年後、それぞれがここを飛び立って、どんなことをして輝くのかはわかりませんが、きょう過ごしたこの時間は、私たちの宝物です,#北野日奈子,#乃木坂46 #言葉
私は、1回目のアンダーライブからきょうまで、すべての公演に出演してきました。自分に誇れることがあるなら、それは乃木坂のメンバーで1番ライブをやってきたということです,#川後陽菜,#乃木坂46 #言葉
私は表に立つ人でアイドルで乃木坂で、少なからずこの場所にきて私の紡ぐ言葉を心に置いてくれる人には影響を与えてしまう者として、どういう顔でどういう言葉で伝えればいいんだろうと迷います！,#北野日奈子,#乃木坂46 #言葉
私は二期生として乃木坂に加入したことを幸せに思います！二期生だからこそ感じることのできる思いがあって、見えているもの以上の感情を知ることができました,#北野日奈子,#乃木坂46 #言葉
初めの頃はみんな子供だし分かり合えないこともあって色んな迷惑かけてしまったのに、今はなんだか心強いというかライブで3期曲を披露するときなぜだか自分たちが1番強いと思えるというか、すごく無敵な気持ちになるんです,#大園桃子,#乃木坂46 #言葉
（「好きになってみた」の初披露時）シンメになることが多かったレイさんが、すごく目を合わせてくれるのが嬉しかった,#中西アルノ,#乃木坂46 #言葉
(「Actually…」について)フル尺での披露はテレ東音楽祭ぶりになりました。導入の低音を聞くと、２月８日に私の名前が世に出てから活動自粛期間が開けるまでの時間のすべてが走馬灯のようにフラッシュバックされます,#中西アルノ,#乃木坂46 #言葉
(「Actually…」は）メロディーも振り付けも衣装のこの曲の世界観も全て全て好きです。だからこそ余計に自分自身に首を絞められているように感じます。でもその苦しさは私が背負った業だと思っています,#中西アルノ,#乃木坂46 #言葉
（「絶望の一秒前」で）お気付きのかたもいるかもしれませんが… ローファーが脱げたりしました… 焦ったあ〜〜 本番の映像見たら「脱げてませんけど」みたいな顔をしてて笑いました,#中西アルノ,#乃木坂46 #言葉
「卒業」はもっとずっと寂しくて悲しいものだと思っていました。ですが、初めて経験した山崎玲奈さんの卒業発表は やりたいことを見つけて、前を向いていて、去って行くことを決めた背中が頼もしく見えました,#中西アルノ,#乃木坂46 #言葉
(辛くなったときには)口角を上げて、心のなかで「楽しい！」って言い聞かせます。脳みそは結構バカなので案外騙されてくれます,#中西アルノ,#乃木坂46 #言葉
上を見上げ続けるのは結構しんどいです…！ 比較するのは過去の自分だけにするほうが楽ですきっと,#中西アルノ,#乃木坂46 #言葉
やっぱり卒業していったメンバーが増えている中で、そのメンバーがこれから「元乃木坂46です」と言うときに誇らしい気持ちであり続けられるように、この先何十年も続くようなグループを作っていけたらいいですね,#鈴木絢音,#乃木坂46 #言葉
でも、変わっていくことは全然マイナスなことではないし、別れもありつつ新しく変わっていかないと成長できないんじゃないかと思っています,#岩本蓮加,#乃木坂46 #言葉
（北野日奈子は）私にとっては尊敬する人。同期だけど、（堀）未央奈に続いて2期生の先頭に立って歩いてきてくれた人でもあるので。本人は謙遜するんですけど、あんなに頑張ってくれる人はなかなかいないですね,#鈴木絢音,#乃木坂46 #言葉
ここ（「価値あるもの」のような曲）がしっかりベースにあるからこそ、他の曲では遊べるのかもしれない。だからこそ、この10年は地盤固めに必要な期間だったのかなと思わせてくれるシングルですね,#鈴木絢音,#乃木坂46 #言葉
新しいことに挑戦するのはもちろん大切だけど、（「価値あるもの」のように）こうやってちょっとだけ“らしさ”に戻るのもいいなって,#岩本蓮加,#乃木坂46 #言葉
活動を休んでしまったことを本人はすごく悔やんでいるけれど、また帰ってきてくれたときも変わらず「2期生のために」と頑張ってくれた子なので、本当に彼女（北野日奈子）なしでは2期生はここまで来られなかったなと思います,#鈴木絢音,#乃木坂46 #言葉
でも、5期生はそれを上回るような何かを感じます。最初から完成されているというか、ステージに立っていても全員輝いている感じが強かったので、お見立て会を観ながら感心していました,#岩本蓮加,#乃木坂46 #言葉
私はグループだからこそ「私がいなくても、乃木坂46にはあと何十人もいるから成り立ってしまうな」ってネガティブに考えてしまうことがあるんですけど、やっぱり“見てくれている”っていうことがすごく嬉しいです,#早川聖来,#乃木坂46 #言葉
1人が活躍するとグループとしても強くなるし、みんながいるから頑張れるし、グループだからこその葛藤やネガティブがあってもそれを支えてくれるのもグループのメンバーやスタッフさんなんです,#早川聖来,#乃木坂46 #言葉
（５期生と比べて）私たち4期生はどちらかというと一般人が乃木坂46に紛れ込んじゃったみたいな感じで（笑）、先輩への挨拶もどうしていいか分からない、みんなどうしていいか分からない、もう分からないまみれだったので（笑）,#早川聖来,#乃木坂46 #言葉
私は自分を否定することしかできなくなってしまったから、（５期生には）ずっとポジティブでいて欲しい、自分を信じる力を消さないようにして欲しいなって思います,#早川聖来,#乃木坂46 #言葉
大人数いるとどうしても他人と比べてしまって自分を下げてしまうことが多いんですけど、そこで負けずに“自分を信じる”っていうことをやめないで欲しい。1回それを辞めちゃうと中々戻れないから、気持ちをとにかく強く持ってるもって欲しいです,#早川聖来,#乃木坂46 #言葉
この3年間で、辛かったり悩んだりした先には絶対その分自分に返ってくる、負けずに頑張ったらその分返ってくることを学びました,#早川聖来,#乃木坂46 #言葉
自分を信じて頑張っていたらいつの間にかそれを応援してくれる人が増えて、気づいたら選抜にも選んでいただけるようになって、自分を信じて頑張れば強くなれるんだなって思いました,#早川聖来,#乃木坂46 #言葉
グループの仲間として嬉しい気持ちと、ちょっと悔しいかもっていう気持ちがあるからグループとして強くなっていくのかなと思っています,#早川聖来,#乃木坂46 #言葉
「『頑張っても結果が出なくて苦しいとか思っても、見てる人は絶対いるからね』っていうことを忘れないでほしい」って。私は（日奈さんに）そう言ってもらえてすごく嬉しかったので、今度は私が後輩にそうやって言ってあげたいなって,#早川聖来,#乃木坂46 #言葉
（５期生には）自分が受けてすごく嬉しかったことは絶対やってあげたいですし、逆に自分が苦しかったなって思ったことはしてほしくないので、そうならないようにしてあげたいです,#早川聖来,#乃木坂46 #言葉
（４６時間ＴＶの）アフター配信でビールを飲みながら打ち上げした時、まあやさんに「『うるせー飛鳥』って言って」って耳打ちされたので、初めて飛鳥さんに反抗してみたり（笑）そしたら飛鳥さんもすごく笑ってくれて。個人的にはすごく温かいなって感じられた瞬間でした,#早川聖来,#乃木坂46 #言葉
（夢を叶える秘訣は）「根拠のない自信を大切にすること」な気がしています。自分に自信がないとそれが相手にも伝わっちゃうので、嘘でも自分に自信を持ってる姿を見せてたら「この人に任せたら大丈夫だ」って思ってくれると思うんです,#早川聖来,#乃木坂46 #言葉
自分は出来るって心の底で思ってたいら、どんなに辛いことがあっても何日か後には切り替えられるし、「大丈夫。この後挽回できる」って思える,#早川聖来,#乃木坂46 #言葉
特に社会人になると、先輩や上司に頭を下げる必要はあると思うけど、過剰なまでのゴマすりだったり、自分をよく見せるために相手のことを悪く言うのは一番嫌いなんです,#高山一実,#乃木坂46 #言葉
やっぱりメンバーが支えてくれるから。同期だと賀喜遥香ちゃんも私と似てて結構繊細な考えなので、私がネガティブに入った時を理解してくれてポジティブな言葉を言ってくれるので、私はそのおかげでなんとか成り立ってる気がします,#早川聖来,#乃木坂46 #言葉
私の時はみんなが最初だったし、「誰にも相談できなかった」っていう思いが、今でもあるんですよ。今はみんなが分かってくれてるから弱音も吐けるようになったけど、当時は全然言えなかったので,#生駒里奈,#乃木坂46 #言葉
全部ポジティブに考えちゃうと「このままでいいや」って思っちゃうから。だから技術面については、永遠にネガティブに考えないとプラスにしていくことができないんだなって、あらためて思いました,#生駒里奈,#乃木坂46 #言葉
得意なことを得意だと考えるのはいいと思いますが、私は絶対に、自分に自信を持ち過ぎないようにしています。満足しちゃったら、成長がストップしてしまうと思っているので、私はしたくない,#生駒里奈,#乃木坂46 #言葉
気分が落ち込むこともありますが、そこから早く浮上したいとも思わない。落ち込んだままでいいんです。自信を持ちたくないから。でも、そういうふうにやっているほうが、楽なので,#生駒里奈,#乃木坂46 #言葉
（堀未央奈がセンターに選ばれたことについて）あれは…衝撃の強さでいったら、一番だったと思います。でも、そのなかで未央奈が一番つらかったんです。だから「全力で支えるから大丈夫だよ」って言いました。自分は絶対に味方でいようって,#生駒里奈,#乃木坂46 #言葉
正義を貫くのは難しいです。でも、貫かない自分も嫌だし、考え方はずっとこっちの方が正しいんだっていうのは変えないけど、「YES」とは言わずに周りに合わせることも覚えました,#生駒里奈,#乃木坂46 #言葉
３期生は与えてほしいってよりは、乃木坂46をぶっ壊して新しい乃木坂46を作ってほしいですね。今の乃木坂46をどうしてもぶっ壊したいんだけど、私達一期生にはもう乃木坂46は壊せないんですよ。なぜなら私たちが今の乃木坂46を作ったから,#生駒里奈,#乃木坂46 #言葉
欅坂46は「危機感」です。普通に頑張ってるつもりでは、どんどんぬるくなっていくのが人間なので、そこに「ヤバいぞ！あの曲は衝撃を与えてるぞ！」っていうのを、乃木坂46にくれたかな,#生駒里奈,#乃木坂46 #言葉
前まではアイドルを辞めたら、芸能界を辞めると思ってたんですけど、でも辞めたら私は何も残らないんですよ,#生駒里奈,#乃木坂46 #言葉
だいたい幸せを感じるのは終わってから少し経って思い返した時なんです。だからこれから思い返して「あの時楽しかったな。幸せだったな。」って感じられるような今を過ごしたいなって。そんなことを考えてました,#早川聖来,#乃木坂46 #言葉
そしたら気付いたんです。アイドルも含め、「自分がいる世界で成功とされていることだけがすべてじゃない」って,#山崎玲奈,#乃木坂46 #言葉
人が目指しているものを、私も叶えなくてはいけないと思わなくていい、私は私の大事なものがある,#山崎玲奈,#乃木坂46 #言葉
私は自分の人生を自分で選んで、この場所に来ました。でも、この12人になる事は私が選んだ訳ではない。なのにこれしか無かったと思えるのです,#久保史緒里,#乃木坂46 #言葉
いつだって、自分の選択で道は切り開いていくものだけど、そこに偶然が重なった時、奇跡となって輝くのだなと思いました,#久保史緒里,#乃木坂46 #言葉
私はメンバーのことを“友達”と思ったことはなくて。仕事として一緒に作品を作り上げていく同志というか、戦友のようなものなので。絆に甘えないのが“仲間”なんじゃないかなって思います,#山下美月,#乃木坂46 #言葉
（１０周年を迎えて）もちろん初期の乃木坂が恋しくなることはあるけれど、今の乃木坂も愛おしいなぁと。改めて感じることができた時間でした,#生田絵梨花,#乃木坂46 #言葉
自分の人生で経験できることは限られているので、人の人生からおいしいところだけ「ありがたい」って“転用”したほうがお得だと思います,#山崎玲奈,#乃木坂46 #言葉
世の中すごい人っていっぱいいるけど…私は、才能で勝ち続けている人よりも、負けて努力している人のほうが強いと信じています,#山崎玲奈,#乃木坂46 #言葉
失敗しようが負けようが、ひたすら数を打つ。やるだけやって結果が出なかったら、何か歯車が違ったということ。ダメだった歯車を次で改善するのみです,#山崎玲奈,#乃木坂46 #言葉
私、自分に期待してないんですよ。「まぁ自分はこんなもんだろうな」って。自分がうまくできると思っていないし、7、8割取れれば上々かなと思っているんです。でも、自分に期待していなければ、失敗なんて気にならないはずですよね,#山崎玲奈,#乃木坂46 #言葉
人生、これからも私は「負け」の経験をたくさんするはず。そのときの引き出しを増やすつもりで、引き続き「失敗上等」でいこうと思います！,#山崎玲奈,#乃木坂46 #言葉
何が武器なのかわからない人って、苦手なことをやりすぎて好きなことや武器が奥に追いやられているだけ。ゆとりを与えてあげれば出てくるかもしれない。どうか自分を責めないで,#山崎玲奈,#乃木坂46 #言葉
過去ってキラキラして見えますよね。当時は、その時なりの葛藤や苦しみがあっても、見返すとそんな事さえ尊い思い出になります。「今」を過ごしている時は、それが如何に大切な時間になるか想像がつかない,#矢久保美緒,#乃木坂46 #言葉
本番前日に、明日本番だ！ってなって、リハの期間のことを思い出してみたの。本当に皆んな一生懸命にやって、明日本番で出せるかなっていう不安と、終わってしまう寂しさと、（本番前に）そういうことを思っていることもキラキラしているなと思って,#筒井あやめ,#乃木坂46 #言葉